Timestamp;Event;Mess 1;RPM;MAP;Boost;Load %;Idle;Lambda 1;Inj. Pulse;Inj. Utiliz.;VE Value;Ign. Adv.;Knock;A/C Input;Start Input;Outputs 1;Outputs 2;Lambda 2;Mess 2;Batt Volt.;CLT;IAT;Inj. DT;Ign. Dwell;KM/H;Lambda Loop;Lambda Target;Lambda Corr;Strobo Angle;Turbo Target;ACC %;ACP %;dACC %;0;0
1778727480474;;#D01;3415;20;10;41;41;1119;107;6;638;39;0;1;1000;1101;0;0;#D02;141;360;327;543;347;86;0;1000;1009;1170;150;0;784;5000;0;4
1778727480576;;#D01;3425;20;10;41;41;1119;108;6;638;39;0;1;1000;1101;0;0;#D02;141;360;327;543;347;85;0;1000;1009;1170;150;0;793;5000;0;4
1778727480662;;#D01;3391;20;10;41;41;1120;107;6;637;39;0;1;1000;1101;0;0;#D02;142;360;327;536;344;85;0;1000;1009;1170;150;0;798;5000;0;4
1778727480763;;#D01;3387;20;10;41;41;1120;107;6;637;39;0;1;1000;1101;0;0;#D02;141;360;327;543;347;85;0;1000;1009;1170;150;0;801;5000;0;4
1778727480864;;#D01;3383;20;10;41;41;1119;109;6;637;39;0;1;1000;1101;0;0;#D02;142;360;327;536;344;85;0;1000;1009;1170;150;0;801;5000;0;4
1778727480963;;#D01;3371;21;10;41;41;1120;111;6;640;39;0;1;1000;1101;0;0;#D02;141;360;327;543;347;85;0;1000;1009;1170;150;0;803;5000;0;4
1778727481071;;#D01;3371;21;10;41;41;1120;107;6;636;39;0;1;1000;1101;0;0;#D02;141;360;327;543;347;85;0;1000;1009;1170;150;0;802;5000;0;4
1778727481170;;#D01;3357;20;10;41;41;1120;108;6;636;39;0;1;1000;1101;0;0;#D02;141;360;327;543;347;85;0;1000;1009;1170;150;0;803;5000;0;4
1778727481289;;#D01;3347;21;10;41;41;1120;111;6;639;39;0;1;1000;1101;0;0;#D02;142;360;327;536;344;85;0;1000;1009;1170;150;0;799;5000;0;4
1778727481370;;#D01;3337;21;10;41;41;1120;110;6;638;39;0;1;1000;1101;0;0;#D02;141;360;327;543;347;83;0;1000;1009;1170;150;0;797;5000;0;4
1778727481469;;#D01;3324;21;10;41;41;1120;110;6;638;39;0;1;1000;1101;0;0;#D02;141;360;327;543;347;83;0;1000;1009;1170;150;0;795;5000;0;4
1778727481570;;#D01;3312;21;10;41;41;1120;110;6;637;39;0;1;1000;1101;0;0;#D02;141;360;327;543;347;83;0;1000;1009;1170;150;0;797;5000;0;4
1778727481671;;#D01;3309;21;10;41;41;1120;110;6;637;39;0;1;1000;1101;0;0;#D02;141;360;327;543;347;82;0;1000;1009;1170;150;0;795;5000;0;4
1778727481772;;#D01;3302;21;10;41;41;1120;110;6;637;39;0;1;1000;1101;0;0;#D02;141;360;327;543;347;82;0;1000;1009;1170;150;0;795;5000;0;4
1778727481872;;#D01;3294;21;10;41;41;1120;110;6;637;39;0;1;1000;1101;0;0;#D02;141;360;327;543;347;82;0;1000;1009;1170;150;0;795;5000;0;4
1778727481976;;#D01;3272;21;10;41;41;1119;109;5;636;39;0;1;1000;1101;0;0;#D02;142;360;327;536;344;82;0;1000;1009;1170;150;0;793;5000;0;4
1778727482072;;#D01;3265;21;10;41;41;1120;109;5;636;39;0;1;1000;1101;0;0;#D02;142;360;327;536;344;82;0;1000;1009;1170;150;0;793;5000;0;4
1778727482172;;#D01;3257;21;10;41;41;1120;110;5;635;39;0;1;1000;1101;0;0;#D02;141;360;327;543;347;82;0;1000;1009;1170;150;0;792;5000;0;4
1778727482273;;#D01;3243;21;10;41;41;1120;110;5;635;39;0;1;1000;1101;0;0;#D02;141;360;327;543;347;82;0;1000;1009;1170;150;0;794;5000;0;4
1778727482373;;#D01;3230;22;10;41;41;1120;114;6;638;39;0;1;1000;1101;0;0;#D02;141;360;327;543;347;82;0;1000;1009;1170;150;0;802;5000;0;4
1778727482482;;#D01;3234;21;10;41;41;1120;110;5;635;39;0;1;1000;1101;0;0;#D02;141;360;327;543;347;81;0;1000;1009;1170;150;0;806;5000;0;4
1778727482574;;#D01;3223;22;10;41;41;1120;114;6;637;39;0;1;1000;1101;0;0;#D02;141;360;327;543;347;81;0;1000;1009;1170;150;0;812;5000;0;4
1778727482674;;#D01;3208;22;10;41;41;1120;114;6;637;39;0;1;1000;1101;0;0;#D02;141;360;327;543;347;81;0;1000;1009;1170;150;0;818;5000;0;4
1778727482778;;#D01;3199;22;10;41;41;1120;113;6;636;39;0;1;1000;1101;0;0;#D02;142;360;327;536;344;81;0;1000;1009;1170;150;0;824;5000;0;4
1778727482878;;#D01;3192;22;10;41;41;1120;114;6;636;39;0;1;1000;1101;0;0;#D02;142;360;327;536;344;80;0;1000;1009;1170;150;0;831;5000;0;4
1778727482977;;#D01;3180;22;10;41;41;1120;114;6;636;39;0;1;1000;1101;0;0;#D02;141;360;327;543;347;80;0;1000;1009;1170;150;0;834;5000;0;4
1778727483077;;#D01;3165;22;10;41;41;1119;113;5;636;39;0;1;1000;1101;0;0;#D02;141;360;327;543;347;80;0;1000;1009;1170;150;0;834;5000;0;4
1778727483177;;#D01;3165;22;10;41;41;1119;114;6;636;39;0;1;1000;1101;0;0;#D02;141;360;327;543;347;79;0;1000;1009;1170;150;0;832;5000;0;4
1778727483277;;#D01;3152;22;10;41;41;1120;113;5;635;39;0;1;1000;1101;0;0;#D02;142;360;327;536;344;79;0;1000;1009;1170;150;0;832;5000;0;4
1778727483379;;#D01;3139;22;10;41;41;1120;113;5;635;39;0;1;1000;1101;0;0;#D02;141;360;327;543;347;79;0;1000;1009;1170;150;0;829;5000;0;4
1778727483478;;#D01;3129;22;10;41;41;1120;114;5;635;39;0;1;1000;1101;0;0;#D02;141;360;327;543;347;79;0;1000;1009;1170;150;0;828;5000;0;4
1778727483578;;#D01;3119;22;10;41;41;1120;113;5;635;39;0;1;1000;1101;0;0;#D02;142;360;327;536;344;78;0;1000;1009;1170;150;0;825;5000;0;4
1778727483683;;#D01;3116;22;10;41;41;1120;114;5;635;39;0;1;1000;1101;0;0;#D02;141;360;327;543;347;78;0;1000;1009;1170;150;0;823;5000;0;4
1778727483780;;#D01;3103;22;10;41;41;1120;114;5;634;39;0;1;1000;1101;0;0;#D02;142;360;327;536;344;78;0;1000;1009;1170;150;0;824;5000;0;4
1778727483881;;#D01;3087;22;10;41;41;1120;114;5;634;39;0;1;1000;1101;0;0;#D02;141;360;327;543;347;78;0;1000;1009;1170;150;0;823;5000;0;4
1778727483980;;#D01;3087;22;10;41;41;1120;113;5;634;39;0;1;1000;1101;0;0;#D02;141;360;327;543;347;77;0;1000;1009;1170;150;0;825;5000;0;4
1778727484082;;#D01;3081;22;10;41;41;1120;114;5;634;39;0;1;1000;1101;0;0;#D02;141;360;327;543;347;77;0;1000;1009;1170;150;0;825;5000;0;4
1778727484181;;#D01;3062;22;10;41;41;1120;113;5;633;39;0;1;1000;1101;0;0;#D02;142;360;327;536;344;77;0;1000;1009;1170;150;0;826;5000;0;4
1778727484282;;#D01;3054;22;10;41;41;1120;114;5;633;39;0;1;1000;1101;0;0;#D02;141;360;327;543;347;76;0;1000;1009;1170;150;0;828;5000;0;4
1778727484382;;#D01;3045;22;10;41;41;1120;113;5;633;39;0;1;1000;1101;0;0;#D02;142;360;327;536;344;76;0;1000;1009;1170;150;0;829;5000;0;4
1778727484482;;#D01;3028;22;10;41;41;1119;113;5;633;39;0;1;1000;1101;0;0;#D02;142;360;327;536;344;76;0;1000;1009;1170;150;0;832;5000;0;4
1778727484583;;#D01;3022;23;10;114;38;1119;249;12;636;39;0;1;1000;1101;0;0;#D02;142;360;327;536;344;76;0;1000;1009;1170;150;78;834;5018;0;4
1778727484683;;#D01;3037;99;10;974;40;1118;459;23;825;22;0;1;1000;1101;0;0;#D02;139;360;327;559;353;76;0;880;1009;1170;150;936;835;5027;0;4
1778727484783;;#D01;3380;98;10;238;41;1120;428;24;836;24;0;1;1000;1101;0;0;#D02;141;360;327;543;347;76;0;960;1009;1170;150;198;836;4859;0;4
1778727484902;;#D01;3839;42;10;41;40;1120;181;11;711;40;0;1;1000;1101;0;0;#D02;141;360;327;543;347;76;0;1000;1009;1170;150;0;839;4999;0;3
1778727484987;;#D01;3723;26;10;40;39;847;127;7;672;40;0;1;1000;1101;0;0;#D02;142;360;327;536;344;76;0;1000;1009;1170;150;0;842;4999;0;3
1778727485084;;#D01;3492;21;10;39;41;820;111;6;644;39;0;1;1000;1101;0;0;#D02;142;360;327;536;344;75;0;1000;1009;1170;150;0;845;5002;0;3
1778727485185;;#D01;3304;23;10;98;41;839;175;9;644;39;0;1;1000;1101;0;0;#D02;141;360;327;543;347;75;0;1000;1009;1170;150;61;848;5004;0;4
1778727485285;;#D01;3121;35;10;117;41;834;154;8;667;39;0;1;1000;1101;0;0;#D02;140;360;327;550;350;75;0;1000;1009;1170;150;76;850;5000;0;4
1778727485385;;#D01;3290;42;10;118;41;816;178;9;681;39;0;1;1000;1101;0;0;#D02;141;360;327;543;347;74;0;1000;1009;1170;150;77;853;5000;0;4
1778727485486;;#D01;3761;41;10;118;41;905;178;11;697;39;0;1;1000;1101;0;0;#D02;142;360;327;536;344;74;0;1000;1009;1170;150;77;854;5000;0;3
1778727485586;;#D01;4078;35;10;115;41;1054;162;11;715;41;0;1;1000;1101;0;0;#D02;141;360;327;543;347;74;0;1000;1009;1170;150;74;857;4999;0;3
1778727485687;;#D01;3831;36;10;114;41;1025;161;10;700;40;0;1;1000;1101;0;0;#D02;141;360;327;543;347;74;1;1000;1014;1170;150;74;858;5001;0;3
1778727485787;;#D01;3882;37;10;118;41;1019;165;10;704;40;0;1;1000;1101;0;0;#D02;142;360;327;536;344;74;1;1000;1021;1170;150;77;862;5000;0;3
1778727485887;;#D01;3957;36;10;122;41;1008;166;10;709;40;0;1;1000;1101;0;0;#D02;141;360;327;543;347;74;1;1000;1027;1170;150;81;866;5000;0;3
1778727486010;;#D01;3861;36;10;122;41;1017;164;10;702;40;0;1;1000;1101;0;0;#D02;141;360;327;543;347;74;1;1000;1033;1170;150;81;866;5000;0;3
1778727486099;;#D01;3912;37;10;123;41;1011;170;11;706;40;0;1;1000;1101;0;0;#D02;141;360;327;543;347;74;1;1000;1040;1170;150;83;870;5001;0;3
1778727486189;;#D01;3887;39;10;124;41;1003;174;11;707;40;0;1;1000;1101;0;0;#D02;141;360;327;543;347;74;1;1000;1047;1170;150;83;871;5000;0;3
1778727486290;;#D01;3907;39;10;125;41;1016;180;11;710;40;0;1;1000;1101;0;0;#D02;141;360;327;543;347;74;1;1000;1053;1170;150;83;874;4999;0;3
1778727486391;;#D01;3886;39;10;125;41;1008;180;11;709;40;0;1;1000;1101;0;0;#D02;141;360;327;543;347;74;1;1000;1060;1170;150;84;877;5000;0;3
1778727486490;;#D01;3903;39;10;124;41;995;180;11;710;40;0;1;1000;1101;0;0;#D02;141;360;327;543;347;74;1;1000;1059;1170;150;83;879;5000;0;3
1778727486591;MARK;#D01;3880;39;10;124;41;988;180;11;708;40;0;1;1000;1101;0;0;#D02;142;360;327;536;344;74;1;1000;1053;1170;150;83;880;5000;0;3
1778727486691;;#D01;3907;39;10;123;41;989;178;11;710;40;0;1;1000;1101;0;0;#D02;141;360;327;543;347;74;1;1000;1047;1170;150;82;882;5000;0;3
1778727486791;MARK;#D01;3875;39;10;120;41;988;178;11;708;40;0;1;1000;1101;0;0;#D02;142;360;327;536;344;74;1;1000;1040;1170;150;80;885;5001;0;3
1778727486892;;#D01;3896;38;10;118;41;988;172;11;708;40;0;1;1000;1101;0;0;#D02;142;360;327;536;344;73;1;1000;1033;1170;150;76;886;4999;0;3
1778727486992;MARK;#D01;3876;37;10;118;41;988;168;10;705;40;0;1;1000;1101;0;0;#D02;141;360;326;543;347;73;1;1000;1027;1170;150;77;888;5000;0;3
1778727487092;;#D01;3888;37;10;122;41;987;168;10;706;40;0;1;1000;1101;0;0;#D02;141;360;326;543;347;73;1;1000;1021;1170;150;81;891;5000;0;3
1778727487195;MARK;#D01;3872;37;10;122;41;980;166;10;705;40;0;1;1000;1101;0;0;#D02;141;360;326;543;347;73;1;1000;1015;1170;150;81;892;5000;0;3
1778727487309;;#D01;3882;38;10;122;41;983;170;11;707;40;0;1;1000;1101;0;0;#D02;141;360;326;543;347;74;1;1000;1007;1170;150;81;896;5000;0;3
1778727487409;;#D01;3886;38;10;121;41;996;170;11;707;40;0;0;1000;1101;0;0;#D02;141;360;326;543;347;74;1;1000;1001;1170;150;80;897;5000;0;3
1778727487501;;#D01;3875;38;10;121;41;1004;169;10;707;40;0;0;1000;1101;0;0;#D02;142;360;326;536;344;74;1;1000;1000;1170;150;80;900;5000;0;3
1778727487600;;#D01;3882;39;10;120;28;1005;173;11;709;40;0;0;1000;1101;0;0;#D02;142;360;326;536;344;74;0;1000;1006;1170;150;79;899;4987;0;3
1778727487701;MARK;#D01;3871;36;10;107;28;1008;163;10;703;40;0;0;1000;1101;0;0;#D02;142;360;326;536;344;73;0;1000;1006;1170;150;78;903;4999;0;3
1778727487800;;#D01;3872;33;10;102;28;996;153;9;699;40;0;0;1000;1101;0;0;#D02;142;360;326;536;344;73;0;1000;1006;1170;150;74;907;5000;0;3
1778727487900;MARK;#D01;3866;32;10;103;28;975;149;9;697;40;0;0;1000;1101;0;0;#D02;142;360;326;536;344;73;0;1000;1006;1170;150;76;909;5001;0;3
1778727488001;;#D01;3862;32;10;108;28;976;149;9;696;40;0;0;1000;1101;0;0;#D02;142;360;326;536;344;73;1;1000;1005;1170;150;80;916;5000;0;3
1778727488101;MARK;#D01;3866;32;10;108;28;980;147;9;697;40;0;0;1000;1101;0;0;#D02;142;360;326;536;344;73;1;1000;998;1170;150;80;892;5000;0;3
1778727488201;;#D01;3851;33;10;109;28;992;152;9;697;40;0;0;1000;1101;0;0;#D02;142;360;326;536;344;73;1;1000;992;1170;150;81;881;5000;0;3
1778727488302;;#D01;3866;33;10;110;28;1011;152;9;698;40;0;0;1000;1101;0;0;#D02;141;360;326;543;347;73;1;1000;990;1170;150;82;874;5000;0;3
1778727488402;MARK;#D01;3852;34;10;110;28;1054;153;9;699;40;0;0;1000;1101;0;0;#D02;142;360;326;536;344;73;1;1000;997;1170;150;83;870;5001;0;3
1778727488511;;#D01;3855;35;10;114;28;1064;159;10;701;40;0;0;1000;1101;0;0;#D02;141;360;326;543;347;73;1;1000;1003;1170;150;88;865;5002;0;3
1778727488636;;#D01;3851;38;10;145;28;1066;208;13;705;40;0;0;1000;1101;0;0;#D02;141;360;326;543;347;73;0;1000;1009;1170;150;130;858;5008;0;3
1778727488705;;#D01;3876;55;10;286;28;1039;269;17;740;38;0;0;1000;1101;0;0;#D02;140;360;326;550;350;73;0;1000;1009;1170;150;310;855;5052;0;3
1778727488805;MARK;#D01;3763;101;10;875;28;1119;472;29;867;23;0;0;1000;1101;0;0;#D02;138;360;326;568;357;73;0;880;1009;1170;150;930;851;5083;0;3
1778727488905;;#D01;4016;103;10;1020;28;1120;510;34;891;22;0;0;1000;1101;0;0;#D02;142;360;326;536;344;73;0;880;1009;1170;150;990;846;4998;0;3
1778727489006;;#D01;3881;108;10;1018;28;1120;530;34;885;22;0;0;1000;1101;0;0;#D02;142;360;326;536;344;73;0;880;1009;1170;150;992;842;5002;0;3
1778727489105;;#D01;3922;113;10;1020;28;1086;558;36;895;21;0;0;1000;1101;0;0;#D02;141;360;326;543;347;73;1;880;1010;1170;150;992;837;5000;0;3
1778727489206;;#D01;4010;116;10;1018;28;991;581;39;908;21;0;0;1000;1101;0;0;#D02;141;360;326;543;347;74;1;880;1016;1170;150;992;833;5002;0;3
1778727650638;;#D01;3415;20;10;41;41;1119;107;6;638;39;0;1;1000;1101;0;0;#D02;141;360;327;543;347;86;0;1000;1009;1170;150;0;784;5000;0;4
1778727650742;;#D01;3425;20;10;41;41;1119;108;6;638;39;0;1;1000;1101;0;0;#D02;141;360;327;543;347;85;0;1000;1009;1170;150;0;793;5000;0;4
1778727650827;;#D01;3391;20;10;41;41;1120;107;6;637;39;0;1;1000;1101;0;0;#D02;142;360;327;536;344;85;0;1000;1009;1170;150;0;798;5000;0;4
1778727650929;;#D01;3387;20;10;41;41;1120;107;6;637;39;0;1;1000;1101;0;0;#D02;141;360;327;543;347;85;0;1000;1009;1170;150;0;801;5000;0;4
1778727651030;;#D01;3383;20;10;41;41;1119;109;6;637;39;0;1;1000;1101;0;0;#D02;142;360;327;536;344;85;0;1000;1009;1170;150;0;801;5000;0;4
1778727651128;;#D01;3371;21;10;41;41;1120;111;6;640;39;0;1;1000;1101;0;0;#D02;141;360;327;543;347;85;0;1000;1009;1170;150;0;803;5000;0;4
1778727651231;MARK;#D01;3371;21;10;41;41;1120;107;6;636;39;0;1;1000;1101;0;0;#D02;141;360;327;543;347;85;0;1000;1009;1170;150;0;802;5000;0;4
1778727651337;;#D01;3357;20;10;41;41;1120;108;6;636;39;0;1;1000;1101;0;0;#D02;141;360;327;543;347;85;0;1000;1009;1170;150;0;803;5000;0;4
1778727651433;;#D01;3347;21;10;41;41;1120;111;6;639;39;0;1;1000;1101;0;0;#D02;142;360;327;536;344;85;0;1000;1009;1170;150;0;799;5000;0;4
1778727651535;;#D01;3337;21;10;41;41;1120;110;6;638;39;0;1;1000;1101;0;0;#D02;141;360;327;543;347;83;0;1000;1009;1170;150;0;797;5000;0;4
1778727651632;MARK;#D01;3324;21;10;41;41;1120;110;6;638;39;0;1;1000;1101;0;0;#D02;141;360;327;543;347;83;0;1000;1009;1170;150;0;795;5000;0;4
1778727651733;;#D01;3312;21;10;41;41;1120;110;6;637;39;0;1;1000;1101;0;0;#D02;141;360;327;543;347;83;0;1000;1009;1170;150;0;797;5000;0;4
1778727651833;MARK;#D01;3309;21;10;41;41;1120;110;6;637;39;0;1;1000;1101;0;0;#D02;141;360;327;543;347;82;0;1000;1009;1170;150;0;795;5000;0;4
1778727651933;;#D01;3302;21;10;41;41;1120;110;6;637;39;0;1;1000;1101;0;0;#D02;141;360;327;543;347;82;0;1000;1009;1170;150;0;795;5000;0;4
1778727652034;MARK;#D01;3294;21;10;41;41;1120;110;6;637;39;0;1;1000;1101;0;0;#D02;141;360;327;543;347;82;0;1000;1009;1170;150;0;795;5000;0;4
1778727652134;;#D01;3272;21;10;41;41;1119;109;5;636;39;0;1;1000;1101;0;0;#D02;142;360;327;536;344;82;0;1000;1009;1170;150;0;793;5000;0;4
1778727652234;;#D01;3265;21;10;41;41;1120;109;5;636;39;0;1;1000;1101;0;0;#D02;142;360;327;536;344;82;0;1000;1009;1170;150;0;793;5000;0;4
1778727652352;;#D01;3257;21;10;41;41;1120;110;5;635;39;0;1;1000;1101;0;0;#D02;141;360;327;543;347;82;0;1000;1009;1170;150;0;792;5000;0;4
1778727652435;MARK;#D01;3243;21;10;41;41;1120;110;5;635;39;0;1;1000;1101;0;0;#D02;141;360;327;543;347;82;0;1000;1009;1170;150;0;794;5000;0;4
1778727652540;;#D01;3230;22;10;41;41;1120;114;6;638;39;0;1;1000;1101;0;0;#D02;141;360;327;543;347;82;0;1000;1009;1170;150;0;802;5000;0;4
1778727652637;;#D01;3234;21;10;41;41;1120;110;5;635;39;0;1;1000;1101;0;0;#D02;141;360;327;543;347;81;0;1000;1009;1170;150;0;806;5000;0;4
1778727652738;;#D01;3223;22;10;41;41;1120;114;6;637;39;0;1;1000;1101;0;0;#D02;141;360;327;543;347;81;0;1000;1009;1170;150;0;812;5000;0;4
1778727652838;;#D01;3208;22;10;41;41;1120;114;6;637;39;0;1;1000;1101;0;0;#D02;141;360;327;543;347;81;0;1000;1009;1170;150;0;818;5000;0;4
1778727652938;;#D01;3199;22;10;41;41;1120;113;6;636;39;0;1;1000;1101;0;0;#D02;142;360;327;536;344;81;0;1000;1009;1170;150;0;824;5000;0;4
1778727653039;;#D01;3192;22;10;41;41;1120;114;6;636;39;0;1;1000;1101;0;0;#D02;142;360;327;536;344;80;0;1000;1009;1170;150;0;831;5000;0;4
1778727653138;;#D01;3180;22;10;41;41;1120;114;6;636;39;0;1;1000;1101;0;0;#D02;141;360;327;543;347;80;0;1000;1009;1170;150;0;834;5000;0;4
1778727653240;;#D01;3165;22;10;41;41;1119;113;5;636;39;0;1;1000;1101;0;0;#D02;141;360;327;543;347;80;0;1000;1009;1170;150;0;834;5000;0;4
1778727653339;;#D01;3165;22;10;41;41;1119;114;6;636;39;0;1;1000;1101;0;0;#D02;141;360;327;543;347;79;0;1000;1009;1170;150;0;832;5000;0;4
1778727653439;;#D01;3152;22;10;41;41;1120;113;5;635;39;0;1;1000;1101;0;0;#D02;142;360;327;536;344;79;0;1000;1009;1170;150;0;832;5000;0;4
1778727653539;MARK;#D01;3139;22;10;41;41;1120;113;5;635;39;0;1;1000;1101;0;0;#D02;141;360;327;543;347;79;0;1000;1009;1170;150;0;829;5000;0;4
1778727653643;;#D01;3129;22;10;41;41;1120;114;5;635;39;0;1;1000;1101;0;0;#D02;141;360;327;543;347;79;0;1000;1009;1170;150;0;828;5000;0;4
1778727653742;;#D01;3119;22;10;41;41;1120;113;5;635;39;0;1;1000;1101;0;0;#D02;142;360;327;536;344;78;0;1000;1009;1170;150;0;825;5000;0;4
1778727653844;;#D01;3116;22;10;41;41;1120;114;5;635;39;0;1;1000;1101;0;0;#D02;141;360;327;543;347;78;0;1000;1009;1170;150;0;823;5000;0;4
